SOURCE,TARGET
Kim,Kanye
Kim,RayJ
Kim,Pete Davidson
Pete Davidson,Ariana Grande
Ariana Grande,Ethan Slater
Ariana Grande,Dalton
Ariana Grande,Mac Miller
Kylie,Timothee Chalamet
Kylie,Travis Scott
Timothee Chalamet,Lilly Rose Depp
Lilly Rose Depp,O70 Shake
Kourtney,Travis Barker
Kendall,Harry Styles
Harry Styles,Taylor Swift
Taylor Swift,Travis Kelce
Taylor Swift,Jake G
Jake G,Reece Weatherspoon
Kendall,Bad Bunny
Khloe,Tristian Thompson
Khloe,Lamar Odom
Kendall,Devin Booker
Kendall,Ben Simmons
Kendall,Jordan Clarkson
Kendall,Blake Griffin
Taylor Swift,John Mayer
Taylor Swift,Joe A
Taylor Swift,Joe Jonas
Taylor Lautner,Taylor Swift
Taylor Swift,Loki
Kourtney,Scott Disick
Scott Disick,Sofia Ritche
Sofia Ritche,Paris Hilton
Paris Hiltion,Kim
Scott Disick,Bella Thorne
Bella Thorne,Mark Emms
Bella Thorne,Charlie Pluth
Bella Thorne,Tyler Posey
Bella Thorne,Tana Mongeau
Tana Mongeau,Lil Xan
Tana Mongeau,Jake Paul
Charlie Pluth,Selena Gomez
Selena Gomez,Taylor Swift
Justin Bieber,Selena Gomez
Hailey Bieber,Justin Bieber
Benny Blanco,Selena Gomez
Travis Scott,SZA
Justin Bieber,Kourtney
SZA,Drake
SZA,Kendrick Lamar
Drake,Serena Williams
Serena Williams,Alexis O
Drake,Tyra Banks
Tyra Banks,Will Smith
Drake,Jennifer Lopez
Will Smith,Chris Rock
Jeninnifer Lopez,Ben Affleck
Jeninnifer Lopez,Mark Anthony
Ben Affleck,Matt Damon
Matt Damon,Gwenethy Paltrow
Matt Damon,Winona Ryder
Winona Ryder,Dave Grohl
Gwenethy Paltrow,Brad Pitt
Drake,Rhianna
Rhianna,ASAP Rocky
ASAP Rocky,Tyler the Creator
Tyler the Creator,Kendall
Taylor Swift,Kanye
Kendall,Hailey Bieber